unit,geo\time	2022 	2021 	2020 	2019 	2018 	2017 	2016 	2015 	2014 	2013 	2012 	2011 	2010 	2009 	2008 	2007 	2006 
PC_HH,AL	98.44 	90.87 	87.15 	85.45 	83.64 	: 	: 	: 	: 	: 	: 	: 	: 	: 	: 	: 	: 
PC_HH,AT	93.15 	95.00 	90.40 	89.91 	88.78 	88.79 	85.09 	82.42 	80.99 	80.86 	79.28 	75.44 	72.89 	69.75 	68.92 	59.62 	52.30 
PC_HH,AT1	93.85 	95.35 	92.02 	91.48 	88.87 	88.91 	85.65 	84.04 	81.59 	80.03 	81.51 	76.49 	73.35 	71.44 	70.66 	62.96 	55.34 
PC_HH,AT11	90.47 	92.86 	87.19 	87.71 	89.85 	85.86 	82.54 	: 	81.76 	79.29 	74.91 	70.46 	71.97 	68.56 	67.20 	: u	51.74 
PC_HH,AT12	91.25 	94.74 	91.65 	91.69 	85.99 	88.86 	82.53 	: 	77.77 	75.64 	78.99 	77.05 	72.61 	69.44 	66.02 	60.87 	52.77 
PC_HH,AT13	96.31 	96.15 	92.95 	91.83 	90.95 	89.36 	88.45 	: 	84.47 	83.49 	84.31 	76.84 	74.10 	73.39 	74.74 	65.27 	57.78 
PC_HH,AT2	92.21 	93.53 	86.41 	86.10 	87.12 	88.81 	82.86 	79.78 	78.47 	79.95 	77.78 	71.48 	71.72 	63.17 	64.74 	54.33 	45.10 
PC_HH,AT21	91.25 	92.24 	87.37 	87.30 	85.21 	85.50 	83.75 	: 	74.90 	76.50 	77.19 	71.78 	68.52 	63.57 	62.35 	51.83 	41.53 
PC_HH,AT22	92.64 	94.12 	85.97 	85.55 	87.99 	90.33 	82.45 	: 	80.14 	81.56 	78.06 	71.35 	73.22 	62.97 	65.87 	55.54 	46.83 
PC_HH,AT3	92.81 	95.41 	90.65 	90.11 	89.61 	88.63 	85.67 	81.84 	81.70 	82.48 	77.29 	76.42 	73.00 	71.48 	69.06 	58.44 	52.47 
PC_HH,AT31	92.25 	95.98 	90.44 	88.68 	89.64 	88.89 	85.81 	: 	80.42 	82.81 	76.80 	76.05 	71.88 	71.58 	69.42 	57.77 	51.98 
PC_HH,AT32	92.52 	96.00 	88.08 	89.76 	89.98 	88.07 	85.69 	: 	85.14 	78.85 	80.38 	76.45 	73.52 	74.50 	68.65 	59.80 	54.22 
PC_HH,AT33	94.70 	93.11 	91.54 	92.95 	88.69 	89.32 	84.17 	: 	81.70 	83.94 	73.94 	74.27 	72.90 	68.65 	69.26 	57.28 	49.71 
PC_HH,AT34	91.71 	96.89 	93.40 	90.42 	90.77 	87.10 	88.05 	: 	81.50 	83.81 	81.03 	81.93 	76.70 	71.99 	67.98 	61.17 	57.15 
PC_HH,BA	: 	75.49 	72.84 	72.03 	69.19 	: 	: 	: 	: 	: 	: 	: 	: 	: 	: 	: 	: 
PC_HH,BE	94.44 	92.30 	90.86 	89.73 	87.27 	85.97 	84.79 	81.83 	82.80 	80.05 	77.71 	76.51 	72.74 	67.44 	63.63 	60.16 	53.96 
PC_HH,BE1	95.76 	92.53 	89.52 	88.97 	87.78 	85.27 	88.02 	80.34 	80.08 	78.03 	78.51 	74.51 	68.69 	61.11 	59.93 	: 	: 
PC_HH,BE10	95.76 	92.53 	89.52 	88.97 	87.78 	85.27 	88.02 	80.34 	80.08 	78.03 	78.51 	74.51 	68.69 	61.11 	59.93 	: 	: 
PC_HH,BE2	95.30 	93.73 	92.03 	91.70 	88.99 	88.01 	86.41 	84.00 	86.07 	82.78 	80.49 	78.77 	77.47 	72.68 	68.67 	: 	: 
PC_HH,BE21	96.79 	92.79 	90.75 	92.85 	89.42 	88.61 	86.40 	83.60 	85.95 	85.77 	80.44 	78.08 	76.95 	72.65 	68.67 	: 	: 
PC_HH,BE22	96.34 	93.09 	91.83 	92.94 	89.46 	89.86 	88.02 	85.06 	88.95 	83.23 	82.09 	82.13 	79.47 	72.74 	70.53 	: 	: 
PC_HH,BE23	94.27 	92.75 	93.22 	89.20 	88.24 	86.02 	87.16 	83.10 	86.05 	82.61 	81.18 	77.21 	75.77 	73.04 	70.59 	: 	: 
PC_HH,BE24	94.48 	96.83 	94.21 	93.53 	89.99 	88.51 	87.32 	87.58 	87.24 	82.59 	82.73 	82.06 	81.48 	72.20 	71.97 	: 	: 
PC_HH,BE25	94.54 	93.95 	90.63 	90.49 	88.00 	87.80 	83.47 	81.67 	83.18 	78.28 	76.50 	76.43 	75.32 	72.67 	61.94 	: 	: 
PC_HH,BE3	92.45 	89.74 	89.31 	86.60 	84.08 	82.65 	80.79 	78.58 	78.13 	76.06 	72.61 	73.31 	65.99 	60.60 	56.20 	: 	: 
PC_HH,BE31	97.68 	95.53 	95.91 	90.96 	88.92 	88.68 	88.10 	84.70 	86.98 	83.83 	87.58 	82.94 	76.60 	75.91 	66.87 	: 	: 
PC_HH,BE32	91.74 	88.20 	87.10 	83.46 	82.15 	78.94 	75.42 	77.01 	74.46 	72.14 	67.25 	74.18 	63.66 	58.34 	51.23 	: 	: 
PC_HH,BE33	92.91 	91.67 	92.01 	88.66 	85.59 	84.57 	83.60 	77.91 	77.39 	76.93 	72.10 	66.52 	64.75 	56.58 	57.33 	: 	: 
PC_HH,BE34	90.48 	89.25 	86.66 	89.98 	86.15 	84.54 	88.39 	81.61 	81.24 	76.42 	75.79 	73.51 	68.80 	66.27 	58.15 	: 	: 
PC_HH,BE35	90.58 	86.22 	85.61 	85.27 	80.94 	82.72 	79.18 	78.19 	81.59 	78.82 	75.64 	79.48 	65.73 	61.75 	58.46 	: 	: 
PC_HH,BG	87.31 	83.53 	78.85 	75.07 	72.13 	67.33 	63.54 	59.14 	56.65 	53.71 	50.92 	45.00 	33.11 	29.60 	25.29 	18.96 	17.01 
PC_HH,BG3	84.81 	81.08 	74.36 	73.31 	69.61 	64.21 	62.19 	54.90 	53.09 	47.71 	46.12 	39.14 	29.01 	25.54 	21.00 	: 	: 
PC_HH,BG31	83.07 	73.50 	66.15 	70.80 	65.22 	57.77 	58.56 	44.86 	44.88 	42.81 	38.23 	34.70 	26.08 	24.68 	17.35 	: 	: 
PC_HH,BG32	85.63 	82.67 	74.76 	73.17 	68.53 	67.77 	61.53 	58.21 	58.45 	49.57 	47.53 	42.66 	30.35 	23.61 	20.69 	: 	: 
PC_HH,BG33	85.39 	85.23 	77.70 	74.02 	73.89 	68.69 	67.34 	56.48 	56.16 	51.54 	47.89 	36.27 	25.78 	26.84 	24.87 	: 	: 
PC_HH,BG34	84.92 	81.73 	77.24 	74.73 	69.97 	62.12 	60.85 	58.64 	52.30 	46.54 	49.64 	42.44 	33.27 	26.81 	21.16 	: 	: 
PC_HH,BG4	89.77 	85.97 	83.34 	76.84 	74.67 	70.48 	64.91 	63.48 	60.29 	59.85 	55.84 	51.17 	37.76 	34.21 	30.16 	: 	: 
PC_HH,BG41	90.48 	86.23 	85.86 	77.80 	75.27 	70.51 	64.89 	67.75 	63.68 	64.28 	59.31 	57.35 	43.65 	40.32 	36.09 	: 	: 
PC_HH,BG42	88.61 	85.53 	79.19 	75.27 	73.70 	70.42 	64.94 	56.59 	54.83 	52.68 	50.25 	41.69 	29.48 	25.60 	21.83 	: 	: 
PC_HH,CH	: 	98.67 	: 	95.51 	: 	93.06 b	: 	: 	90.63 	: 	: 	: 	: 	: 	: 	: 	: 
PC_HH,CH0	: 	98.67 	: 	95.51 	: 	93.06 b	: 	: 	90.63 	: 	: 	: 	: 	: 	: 	: 	: 
PC_HH,CH01	: 	99.07 	: 	96.48 	: 	90.99 b	: 	: 	90.76 	: 	: 	: 	: 	: 	: 	: 	: 
PC_HH,CH02	: 	97.52 	: 	92.81 	: 	93.89 b	: 	: 	85.22 	: 	: 	: 	: 	: 	: 	: 	: 
PC_HH,CH03	: 	97.92 	: 	96.76 	: 	94.62 b	: 	: 	91.68 	: 	: 	: 	: 	: 	: 	: 	: 
PC_HH,CH04	: 	99.63 	: 	95.75 	: 	94.08 b	: 	: 	95.23 	: 	: 	: 	: 	: 	: 	: 	: 
PC_HH,CH05	: 	99.24 	: 	97.26 	: 	93.74 b	: 	: 	92.41 	: 	: 	: 	: 	: 	: 	: 	: 
PC_HH,CH06	: 	99.02 	: 	96.41 	: 	93.50 b	: 	: 	93.35 	: 	: 	: 	: 	: 	: 	: 	: 
PC_HH,CH07	: 	98.66 	: 	92.47 	: 	85.70 b	: 	: 	85.03 	: 	: 	: 	: 	: 	: 	: 	: 
PC_HH,CY	94.00 	93.41 	92.78 	89.61 	86.17 	79.41 	74.35 	71.21 	68.64 	64.71 	61.82 	57.35 	53.71 	52.76 	42.92 	38.90 	36.67 
PC_HH,CY0	94.00 	93.41 	92.78 	89.61 	86.17 	79.41 	74.35 	71.21 	68.64 	64.71 	61.82 	57.35 	53.71 	52.76 	42.92 	: 	: 
PC_HH,CY00	94.00 	93.41 	92.78 	89.61 	86.17 	79.41 	74.35 	71.21 	68.64 	64.71 	61.82 	57.35 	53.71 	52.76 	42.92 	: 	: 
PC_HH,CZ	91.48 	89.31 	88.02 	87.00 	86.36 	83.24 	81.65 	78.98 	77.99 	72.62 	72.55 	66.63 	60.52 	54.18 	45.86 	35.12 	29.25 
PC_HH,CZ0	91.48 	89.31 	88.02 	87.00 	86.36 	83.24 	81.65 	78.98 	77.99 	72.62 	72.55 	66.63 	60.52 	54.18 	: 	: 	: 
PC_HH,CZ01	96.30 	94.16 	94.74 	93.23 	93.17 	89.31 	90.68 	88.47 	87.99 	80.30 	80.67 	70.45 	68.53 	: 	61.87 	50.79 	: 
PC_HH,CZ02	92.38 	89.31 	87.79 	87.86 	86.66 	86.68 	85.21 	82.61 	81.16 	78.91 	74.10 	68.20 	62.73 	: 	47.83 	35.15 	: 
PC_HH,CZ03	92.32 	92.22 	87.68 	86.42 	86.17 	82.50 	81.97 	80.92 	76.84 	71.05 	72.37 	65.82 	57.85 	: 	42.25 	32.10 	: 
PC_HH,CZ04	87.57 	86.03 	82.28 	79.30 	81.66 	78.40 	75.50 	71.18 	69.33 	66.71 	66.01 	63.26 	58.53 	: 	39.06 	28.94 	: 
PC_HH,CZ05	90.27 	87.32 	86.88 	86.36 	83.68 	80.01 	79.82 	81.60 	74.95 	72.79 	71.81 	69.48 	57.75 	: 	44.29 	33.39 	: 
PC_HH,CZ06	89.84 	88.11 	90.08 	87.93 	86.83 	84.64 	81.15 	76.23 	78.92 	73.23 	73.76 	67.89 	62.88 	: 	44.47 	37.55 	: 
PC_HH,CZ07	87.91 	87.94 	88.11 	84.02 	83.38 	81.56 	77.17 	74.50 	77.57 	68.31 	67.78 	60.24 	60.98 	: 	40.40 	28.12 	: 
PC_HH,CZ08	94.82 	88.80 	85.67 	89.54 	88.43 	81.44 	80.36 	75.41 	75.88 	68.18 	71.70 	65.65 	53.74 	: 	45.10 	32.91 	: 
PC_HH,DE	91.41 	91.88 b	95.80 	94.83 	94.39 	92.86 	92.14 	90.29 	89.47 	87.75 	85.50 	83.25 	82.49 	79.07 	74.88 	70.67 	67.11 
PC_HH,DE1	91.26 	91.55 b	95.62 	94.88 	93.65 	92.69 	91.42 	90.56 	88.16 	87.28 	84.45 	81.49 	82.45 	78.37 	74.54 	70.42 	69.13 
PC_HH,DE2	90.66 	91.03 b	95.85 	95.16 	93.52 	92.33 	91.82 	90.68 	89.48 	87.91 	86.63 	85.02 	82.08 	79.94 	77.18 	72.89 	69.39 
PC_HH,DE3	92.75 	94.67 b	96.99 	95.59 	95.20 	95.48 	93.33 	91.65 	91.90 	89.26 	85.48 	83.61 	84.05 	78.33 	76.69 	75.28 	69.52 
PC_HH,DE4	87.67 	89.56 b	92.02 	89.52 	89.35 	84.83 	86.54 	83.22 	81.58 	76.39 	76.91 	70.98 	74.47 	61.89 	64.60 	: u	: u
PC_HH,DE5	86.31 	79.75 b	97.79 	97.96 	94.10 	95.05 	93.59 	95.41 	90.81 	91.30 	84.75 	88.12 	: u	: u	: u	: u	: u
PC_HH,DE6	92.15 	92.96 b	96.45 	96.04 	96.63 	96.42 	94.98 	90.59 	93.43 	89.73 	84.57 	85.53 	81.77 	81.39 	75.28 	76.80 	72.82 
PC_HH,DE7	93.34 	95.19 b	96.81 	95.23 	94.61 	93.88 	93.29 	92.49 	90.74 	87.86 	87.44 	86.16 	85.13 	82.49 	77.18 	72.81 	71.63 
PC_HH,DE8	89.70 	87.26 b	94.92 	92.35 	89.80 	87.67 	90.67 	86.68 	83.16 	78.15 	75.40 	72.96 	67.31 	68.08 	66.06 	: u	: u
PC_HH,DE9	90.96 	91.04 b	97.33 	95.72 	95.69 	96.19 	93.83 	92.01 	91.41 	91.75 	89.78 	86.12 	86.63 	80.38 	76.35 	71.08 	66.40 
PC_HH,DEA	92.11 	93.39 b	95.07 	94.87 	95.91 	93.69 	92.44 	90.63 	90.52 	89.25 	87.79 	85.94 	84.77 	83.74 	78.48 	70.11 	67.91 
PC_HH,DEB	93.79 	93.12 b	96.42 	94.97 	94.72 	94.14 	92.69 	91.32 	90.44 	88.41 	85.78 	83.92 	80.89 	80.54 	77.95 	73.15 	65.62 
PC_HH,DEC	91.71 	91.93 b	96.53 	95.68 	94.52 	89.36 	90.34 	92.42 	90.33 	84.68 	78.32 	76.40 	79.20 	77.44 	74.87 	77.17 	67.46 
PC_HH,DED	90.87 	91.92 b	94.23 	92.41 	92.15 	87.61 	91.69 	83.23 	85.83 	82.09 	78.40 	75.74 	77.18 	64.52 	64.24 	: u	: u
PC_HH,DEE	89.03 	84.19 b	97.69 	95.27 	91.79 	91.33 	89.13 	87.60 	86.35 	85.07 	81.29 	78.52 	75.76 	76.09 	65.91 	: u	: u
PC_HH,DEF	93.96 	94.07 b	96.01 	96.05 	96.26 	91.46 	93.06 	91.72 	91.50 	90.07 	84.80 	84.43 	85.64 	84.42 	72.53 	73.57 	71.06 
PC_HH,DEG	86.55 	88.52 b	94.90 	94.16 	95.75 	92.76 	90.79 	90.51 	88.05 	89.15 	87.72 	82.32 	83.61 	79.06 	70.91 	: u	: u
PC_HH,DK	95.16 	96.14 	95.27 	95.43 	92.66 	97.00 	94.34 	91.74 	93.12 	92.71 	92.00 	90.08 	86.10 	82.53 	81.88 	78.05 	78.73 
PC_HH,DK0	95.16 	96.14 	95.27 	95.43 	92.66 	97.00 	94.34 	91.74 	93.12 	92.71 	92.00 	90.08 	86.10 	82.53 	81.88 	: 	: 
PC_HH,DK01	95.95 	97.07 	95.67 	95.33 	92.69 	98.08 	95.08 	91.19 	95.11 	94.10 	94.34 	92.62 	89.10 	85.68 	85.52 	: 	: 
PC_HH,DK02	95.49 	94.64 	94.48 	94.74 	91.13 	96.09 	94.62 	93.21 	92.69 	89.40 	90.20 	89.12 	82.42 	78.54 	79.77 	: 	: 
PC_HH,DK03	94.54 	95.57 	95.63 	95.32 	91.79 	97.34 	91.73 	93.53 	90.29 	91.33 	88.92 	85.96 	86.06 	79.28 	80.16 	: 	: 
PC_HH,DK04	94.43 	97.12 	95.83 	96.24 	93.90 	96.35 	95.15 	90.89 	94.23 	93.79 	94.39 	91.15 	85.81 	83.47 	82.88 	: 	: 
PC_HH,DK05	95.11 	93.93 	93.18 	95.17 	93.95 	95.40 	95.15 	89.73 	90.76 	93.44 	89.54 	89.90 	82.12 	82.75 	75.22 	: 	: 
PC_HH,EE	92.41 	91.82 	89.98 	90.43 	90.47 	88.27 	86.19 	87.73 	82.90 b	79.31 	73.82 	69.39 	66.89 	61.85 	57.35 	52.20 	45.18 
PC_HH,EE0	92.41 	91.82 	89.98 	90.43 	90.47 	88.27 	86.19 	87.73 	82.90 b	79.31 	73.82 	69.39 	66.89 	61.85 	57.35 	: 	: 
PC_HH,EE00	92.41 	91.82 	89.98 	90.43 	90.47 	88.27 	86.19 	87.73 	82.90 b	79.31 	73.82 	69.39 	66.89 	61.85 	57.35 	: 	: 
PC_HH,EL	85.49 	85.07 	80.38 	78.54 	76.49 	70.96 	69.13 	68.09 	65.55 	56.31 	53.58 	50.17 	46.35 	38.06 	30.96 	25.40 	23.12 
PC_HH,EL1	: 	: 	: 	: 	: 	: 	: 	: 	: 	: 	: 	46.23 	36.58 	31.78 	23.02 	21.61 	19.71 
PC_HH,EL2	: 	: 	: 	: 	: 	: 	: 	: 	: 	: 	: 	37.38 	37.92 	25.25 	19.20 	16.76 	14.77 
PC_HH,EL3	91.35 	90.92 	83.61 	83.54 	85.26 	80.51 	78.31 	74.89 	71.05 	68.94 	64.52 	58.49 	57.18 	50.86 	45.01 	33.18 	30.34 
PC_HH,EL4	82.02 	82.50 	78.51 	68.76 	69.24 	69.03 	69.56 	64.62 	67.78 	47.62 	46.66 	46.78 	43.07 	30.99 	22.28 	22.64 	21.14 
PC_HH,EL5	82.96 	81.18 	82.41 	78.92 	73.43 	65.67 	66.89 	66.80 	62.07 	51.36 	50.12 	: 	: 	: 	: 	: 	: 
PC_HH,EL6	81.17 	82.06 	74.15 	75.25 	70.38 	63.69 	57.16 	60.49 	60.09 	43.60 	41.21 	: 	: 	: 	: 	: 	: 
PC_HH,ES	96.08 	95.92 	95.38 	91.44 	86.36 	83.39 	81.93 	78.75 	74.35 	69.73 	66.59 	62.71 	57.82 	52.93 	49.86 	43.48 	38.04 
PC_HH,ES1	93.76 	93.78 	92.84 	89.63 	83.44 	80.06 	79.08 	76.96 	71.04 	67.53 	63.77 	56.40 	51.64 	46.16 	43.51 	35.90 	: 
PC_HH,ES11	93.35 	93.29 	92.40 	88.76 	82.56 	78.78 	78.68 	75.56 	69.62 	64.58 	62.32 	52.72 	48.29 	41.84 	38.87 	31.96 	: 
PC_HH,ES12	94.26 	94.31 	93.37 	91.14 	85.86 	81.26 	79.70 	78.81 	72.83 	70.68 	65.51 	60.88 	57.32 	52.40 	50.86 	40.60 	: 
PC_HH,ES13	94.68 	95.01 	93.87 	90.81 	83.00 	83.51 	79.64 	79.60 	73.91 	74.62 	66.92 	64.62 	56.32 	54.19 	51.23 	45.21 	: 
PC_HH,ES2	96.75 	95.81 	95.72 	92.14 	88.25 	86.04 	82.08 	80.33 	74.86 	70.84 	68.67 	64.66 	61.39 	56.44 	54.39 	48.05 	: 
PC_HH,ES21	96.35 	95.53 	95.46 	91.54 	89.11 	86.78 	82.64 	82.78 	77.78 	73.38 	70.68 	66.77 	63.90 	59.59 	56.95 	49.76 	: 
PC_HH,ES22	96.43 	96.19 	96.49 	95.03 	87.19 	88.35 	82.50 	80.83 	75.98 	71.53 	68.19 	65.67 	61.12 	56.50 	55.49 	48.40 	: 
PC_HH,ES23	94.33 	94.95 	93.63 	90.62 	82.50 	81.00 	79.25 	75.22 	69.99 	64.75 	64.35 	59.35 	53.90 	48.66 	48.72 	41.25 	: 
PC_HH,ES24	98.15 	96.30 	96.28 	92.15 	88.68 	84.92 	81.59 	77.15 	70.54 	67.65 	66.52 	61.85 	59.03 	52.93 	50.89 	46.64 	: 
PC_HH,ES3	97.78 	97.54 	97.07 	94.51 	91.48 	88.92 	88.31 	86.37 	83.14 	79.79 	77.27 	71.40 	66.00 	63.46 	61.22 	55.83 	: 
PC_HH,ES30	97.78 	97.54 	97.07 	94.51 	91.48 	88.92 	88.31 	86.37 	83.14 	79.79 	77.27 	71.40 	66.00 	63.46 	61.22 	55.83 	: 
PC_HH,ES4	94.86 	94.97 	93.71 	88.26 	81.06 	79.72 	78.19 	73.46 	67.92 	65.00 	61.26 	56.30 	49.54 	43.43 	40.16 	33.91 	: 
PC_HH,ES41	94.85 	95.60 	93.89 	88.97 	82.27 	79.15 	77.55 	73.93 	68.74 	67.04 	62.93 	56.09 	49.11 	44.29 	40.68 	38.05 	: 
PC_HH,ES42	95.02 	94.43 	93.23 	86.81 	80.93 	80.59 	78.25 	73.88 	66.84 	63.41 	60.63 	58.38 	52.00 	43.94 	38.63 	31.24 	: 
PC_HH,ES43	94.61 	94.55 	94.20 	89.30 	78.58 	79.40 	79.56 	71.62 	68.01 	63.04 	58.39 	52.96 	45.96 	40.43 	41.69 	28.90 	: 
PC_HH,ES5	96.99 	96.89 	96.26 	92.68 	87.60 	83.52 	82.01 	78.66 	75.07 	69.98 	66.65 	65.89 	61.51 	56.74 	54.27 	46.78 	: 
PC_HH,ES51	97.40 	96.87 	96.66 	94.00 	87.66 	83.70 	82.87 	80.73 	77.62 	72.13 	70.26 	70.14 	66.88 	61.79 	59.25 	50.25 	: 
PC_HH,ES52	96.25 	96.82 	95.81 	90.60 	86.80 	81.96 	80.73 	75.36 	70.64 	67.10 	60.11 	59.05 	52.84 	48.94 	47.24 	41.44 	: 
PC_HH,ES53	97.51 	97.27 	95.61 	93.13 	90.75 	89.32 	82.02 	80.04 	78.39 	68.92 	72.78 	68.74 	65.09 	59.03 	53.35 	48.08 	: 
PC_HH,ES6	94.91 	94.84 	94.73 	89.94 	84.30 	82.32 	80.80 	76.78 	72.83 	66.43 	63.31 	58.43 	53.24 	47.22 	42.21 	37.31 	: 
PC_HH,ES61	94.50 	94.47 	94.74 	89.68 	83.69 	81.67 	80.62 	76.36 	72.68 	66.33 	63.31 	58.25 	53.15 	47.35 	42.24 	37.47 	: 
PC_HH,ES62	96.94 	96.93 	94.38 	91.29 	87.36 	86.02 	81.39 	78.89 	72.77 	66.28 	62.88 	58.84 	52.60 	46.29 	41.32 	35.43 	: 
PC_HH,ES63	97.27 	92.51 	96.01 	91.68 u	91.69 	88.42 	83.93 	82.22 	81.35 	81.44 	71.25 	67.89 	63.38 	47.90 	49.28 	45.85 	: 
PC_HH,ES64	100.00 	98.62 	98.86 	91.24 	88.86 	80.83 	86.22 	78.46 	83.24 	66.62 	64.46 	63.27 	69.35 	51.00 	51.11 	49.02 	: 
PC_HH,ES7	96.94 	96.70 	96.18 	91.10 	87.35 	80.89 	82.12 	78.60 	72.61 	66.99 	63.94 	60.42 	56.68 	52.64 	50.53 	43.55 	: 
PC_HH,ES70	96.94 	96.70 	96.18 	91.10 	87.35 	80.89 	82.12 	78.60 	72.61 	66.99 	63.94 	60.42 	56.68 	52.64 	50.53 	43.55 	: 
PC_HH,FI	97.59 	96.56 	96.00 	94.36 	94.28 	94.42 	91.95 	89.93 	89.83 	89.24 	86.80 	84.16 	80.54 	77.78 	72.38 	68.78 	64.73 
PC_HH,FI1	97.59 	96.56 	96.00 	94.36 	94.28 	94.42 	91.95 	89.93 	89.83 	89.24 	86.80 	84.16 	80.54 	77.78 	72.38 	68.81 	64.68 
PC_HH,FI19	96.96 	96.55 	97.12 	93.36 	94.52 	93.24 	88.89 	87.98 	89.00 	86.66 	85.91 	83.25 	76.95 	73.73 	73.77 	68.17 	67.38 
PC_HH,FI1B	98.23 	99.07 	97.86 	96.60 	96.91 	98.10 	94.65 	95.26 	94.01 	93.00 	92.05 	: 	: 	: 	: 	: 	: 
PC_HH,FI1C	98.11 	95.80 	95.99 	95.04 	92.01 	92.70 	93.76 	87.12 	88.88 	90.13 	84.88 	: 	: 	: 	: 	: 	: 
PC_HH,FI1D	96.91 	94.11 	92.45 	91.97 	92.88 	92.70 	90.15 	88.25 	86.55 	86.59 	83.30 	81.91 	79.04 	74.38 	69.14 	63.89 	60.50 
PC_HH,FI2	: 	: 	: 	: 	: 	: 	: 	: 	: 	: 	: 	: 	: 	: 	: 	64.20 	: 
PC_HH,FI20	: 	: 	: 	: 	: 	: 	: 	: 	: 	: 	: 	: 	: 	: 	: 	64.20 	: 
PC_HH,FR	92.25 	93.33 	: 	90.17 	88.56 	86.41 	85.87 	82.62 	82.96 	81.72 	80.00 	75.92 	73.61 	68.87 	62.32 	55.05 	40.93 
PC_HH,FR1	94.12 	96.11 	: 	93.16 	91.79 	90.79 	89.70 	87.08 	88.92 	87.08 	84.48 	84.35 	86.26 	76.04 	67.86 	: 	: 
PC_HH,FR10	94.12 	96.11 	: 	93.16 	91.79 	90.79 	89.70 	87.08 	88.92 	: 	: 	: 	: 	: 	: 	: 	: 
PC_HH,FRB	90.04 	94.07 	: 	90.26 	89.45 	83.86 	85.64 	82.23 	83.01 	: 	: 	: 	: 	: 	: 	: 	: 
PC_HH,FRB0	90.04 	94.07 	: 	90.26 	89.45 	83.86 	85.64 	82.23 	83.01 	: 	: 	: 	: 	: 	: 	: 	: 
PC_HH,FRC	90.10 	91.80 	: 	88.06 	83.62 	85.03 	82.92 	77.88 	81.55 	: 	: 	: 	: 	: 	: 	: 	: 
PC_HH,FRC1	88.36 	89.60 	: 	87.56 	83.18 	88.51 	84.33 	75.14 	77.47 	: 	: 	: 	: 	: 	: 	: 	: 
PC_HH,FRC2	92.43 	94.36 	: 	88.79 	84.34 	80.69 	80.87 	82.29 	87.36 	: 	: 	: 	: 	: 	: 	: 	: 
PC_HH,FRD	91.39 	92.03 	: 	87.57 	87.05 	83.11 	87.03 	81.95 	77.99 	: 	: 	: 	: 	: 	: 	: 	: 
PC_HH,FRD1	90.20 	93.02 	: 	87.21 	85.74 	80.52 	86.37 	82.32 	69.67 	: 	: 	: 	: 	: 	: 	: 	: 
PC_HH,FRD2	92.34 	91.34 	: 	87.92 	87.99 	85.00 	87.60 	81.69 	85.33 	: 	: 	: 	: 	: 	: 	: 	: 
PC_HH,FRE	91.58 	90.75 	: 	87.91 	87.55 	84.28 	82.90 	79.28 	82.88 	: 	: 	: 	: 	: 	: 	: 	: 
PC_HH,FRE1	92.06 	91.36 	: 	89.27 	87.30 	82.65 	82.67 	77.97 	83.18 	: 	: 	: 	: 	: 	: 	: 	: 
PC_HH,FRE2	90.62 	89.55 	: 	85.14 	88.09 	87.32 	83.32 	82.21 	82.24 	: 	: 	: 	: 	: 	: 	: 	: 
PC_HH,FRF	90.34 	93.41 	: 	89.03 	89.25 	86.72 	86.24 	82.74 	81.68 	: 	: 	: 	: 	: 	: 	: 	: 
PC_HH,FRF1	92.84 	93.20 	: 	88.00 	90.81 	86.50 	84.49 	82.26 	83.46 	: 	: 	: 	: 	: 	: 	: 	: 
PC_HH,FRF2	91.27 	92.26 	: 	87.40 	86.15 	85.77 	83.98 	81.78 	78.70 	: 	: 	: 	: 	: 	: 	: 	: 
PC_HH,FRF3	88.18 	94.24 	: 	90.95 	90.02 	87.31 	88.90 	83.60 	81.83 	: 	: 	: 	: 	: 	: 	: 	: 
PC_HH,FRG	94.13 	94.62 	: 	92.95 	90.20 	86.80 	85.32 	85.59 	83.59 	: 	: 	: 	: 	: 	: 	: 	: 
PC_HH,FRG0	94.13 	94.62 	: 	92.95 	90.20 	86.80 	85.32 	85.59 	83.59 	: 	: 	: 	: 	: 	: 	: 	: 
PC_HH,FRH	93.42 	91.78 	: 	92.80 	89.18 	85.68 	82.85 	80.69 	78.18 	: 	: 	: 	: 	: 	: 	: 	: 
PC_HH,FRH0	93.42 	91.78 	: 	92.80 	89.18 	85.68 	82.85 	80.69 	78.18 	: 	: 	: 	: 	: 	: 	: 	: 
PC_HH,FRI	92.23 	92.85 	: 	91.35 	87.33 	84.48 	86.36 	82.78 	83.37 	: 	: 	: 	: 	: 	: 	: 	: 
PC_HH,FRI1	92.28 	94.20 	: 	91.24 	90.64 	87.61 	88.60 	85.28 	83.87 	: 	: 	: 	: 	: 	: 	: 	: 
PC_HH,FRI2	86.86 	87.40 	: 	90.43 	74.36 	81.50 	80.54 	77.99 	79.46 	: 	: 	: 	: 	: 	: 	: 	: 
PC_HH,FRI3	94.63 	92.82 	: 	91.94 	87.73 	79.74 	84.70 	79.96 	84.12 	: 	: 	: 	: 	: 	: 	: 	: 
PC_HH,FRJ	90.44 	92.62 	: 	88.32 	89.38 	86.12 	85.76 	80.66 	84.76 	: 	: 	: 	: 	: 	: 	: 	: 
PC_HH,FRJ1	92.61 	94.29 	: 	87.73 	89.89 	84.33 	81.68 	77.24 	85.91 	: 	: 	: 	: 	: 	: 	: 	: 
PC_HH,FRJ2	88.70 	90.94 	: 	88.88 	88.90 	87.79 	89.86 	83.80 	83.66 	: 	: 	: 	: 	: 	: 	: 	: 
PC_HH,FRK	93.66 	93.61 	: 	91.23 	88.22 	88.34 	87.16 	83.54 	83.06 	81.25 	79.99 	71.14 	72.05 	67.34 	59.05 	: 	: 
PC_HH,FRK1	91.69 	91.39 	: 	86.04 	88.72 	86.60 	87.25 	75.66 	81.05 	: 	: 	: 	: 	: 	: 	: 	: 
PC_HH,FRK2	94.10 	94.05 	: 	92.31 	88.11 	88.73 	87.14 	85.24 	83.47 	: 	: 	: 	: 	: 	: 	: 	: 
PC_HH,FRL	93.30 	93.70 	: 	89.27 	89.19 	89.24 	86.04 	84.03 	80.38 	: 	: 	: 	: 	: 	: 	: 	: 
PC_HH,FRL0	93.30 	93.70 	: 	89.27 	89.19 	89.24 	86.04 	84.03 	80.38 	: 	: 	: 	: 	: 	: 	: 	: 
PC_HH,FRM	89.42 	86.51 u	: 	89.64 u	90.00 u	69.91 u	75.81 u	58.45 u	73.20 u	: 	: 	: 	: 	: 	: 	: 	: 
PC_HH,FRM0	89.42 	86.51 u	: 	89.64 u	90.00 u	69.91 u	75.81 u	58.45 u	73.20 u	: 	: 	: 	: 	: 	: 	: 	: 
PC_HH,FRY	86.07 	89.10 	: 	78.62 	74.14 	70.60 	72.20 	70.41 	: 	: 	: 	: 	: 	: 	: 	: 	: 
PC_HH,FRY1	89.98 	83.09 	: 	77.25 	65.74 	75.05 	70.97 	69.25 	: 	: 	: 	: 	: 	: 	: 	: 	: 
PC_HH,FRY2	84.10 	89.60 	: 	84.33 	76.31 	74.72 	74.94 	67.60 	: 	: 	: 	: 	: 	: 	: 	: 	: 
PC_HH,FRY3	80.52 	86.72 	: 	85.22 	64.29 	73.75 	56.94 	72.16 	: 	: 	: 	: 	: 	: 	: 	: 	: 
PC_HH,FRY4	86.83 	92.27 	: 	75.11 	80.50 	65.40 	74.91 	72.32 	: 	: 	: 	: 	: 	: 	: 	: 	: 
PC_HH,HR	85.52 	86.09 	85.00 	80.52 	81.52 	76.45 	77.34 	76.71 	68.37 	64.58 	66.41 	61.41 	56.50 	50.04 	45.26 	40.59 	: 
PC_HH,HR0	85.52 	86.09 	85.00 	80.52 	81.52 	76.45 	77.34 	76.71 	68.37 	64.58 	66.41 	61.41 	56.50 	50.04 	45.26 	: 	: 
PC_HH,HR03	85.32 	87.38 	88.28 	83.84 	83.76 	73.49 	77.83 	81.40 	71.86 	64.69 	66.42 	62.92 	58.55 	52.29 	48.61 	: 	: 
PC_HH,HR04	: 	: 	83.36 	78.81 	80.42 	77.89 	77.10 	74.46 	66.66 	64.52 	66.41 	60.69 	55.52 	48.95 	43.66 	: 	: 
PC_HH,HU	91.44 	90.78 	87.63 	86.20 	83.31 	82.35 	79.18 	75.64 	73.06 	69.66 	66.81 	63.22 	58.41 	53.42 	46.63 	37.72 	31.65 
PC_HH,HU1	95.17 	94.80 	91.43 	90.81 	89.04 	88.99 	86.45 	83.47 	80.63 	78.24 	76.06 	73.02 	68.55 	: 	54.90 	: 	: 
PC_HH,HU10	: 	: 	: 	: 	: 	88.99 	86.45 	83.47 	80.63 	78.24 	76.06 	73.02 	68.55 	: 	54.90 	: 	: 
PC_HH,HU11	95.62 	95.62 	94.21 	92.11 	89.75 	: 	: 	: 	: 	: 	: 	: 	: 	: 	: 	: 	: 
PC_HH,HU12	94.52 	93.62 	87.21 	88.80 	87.96 	: 	: 	: 	: 	: 	: 	: 	: 	: 	: 	: 	: 
PC_HH,HU2	92.45 	91.12 	88.06 	86.29 	84.30 	83.27 	80.16 	77.16 	74.30 	69.20 	66.27 	61.89 	56.65 	: 	46.27 	: 	: 
PC_HH,HU21	94.68 	92.10 	91.27 	87.95 	86.59 	85.30 	80.82 	78.20 	75.42 	71.06 	69.84 	64.77 	59.94 	: 	49.93 	: 	: 
PC_HH,HU22	91.99 	91.89 	85.84 	85.46 	84.52 	83.43 	82.55 	79.48 	76.16 	70.69 	67.42 	63.92 	58.15 	: 	47.61 	: 	: 
PC_HH,HU23	90.30 	89.03 	86.68 	85.21 	81.34 	80.72 	76.78 	73.50 	71.09 	65.46 	60.92 	56.44 	51.37 	: 	40.74 	: 	: 
PC_HH,HU3	87.45 	87.07 	84.10 	82.25 	77.78 	76.19 	72.54 	68.23 	66.11 	63.24 	59.94 	56.62 	51.94 	: 	40.70 	: 	: 
PC_HH,HU31	86.91 	86.26 	83.76 	81.61 	77.97 	75.48 	74.19 	68.69 	65.25 	65.50 	58.61 	58.40 	53.50 	: 	40.77 	: 	: 
PC_HH,HU32	88.17 	88.04 	85.49 	82.88 	77.10 	76.46 	72.15 	67.81 	65.98 	62.01 	58.64 	54.35 	49.80 	: 	38.98 	: 	: 
PC_HH,HU33	87.11 	86.72 	82.92 	82.13 	78.34 	76.48 	71.58 	68.28 	66.96 	62.61 	62.53 	57.53 	52.86 	: 	42.48 	: 	: 
PC_HH,IE	93.66 	97.50 b	91.82 	90.59 	89.11 	88.37 	86.91 	84.86 	82.17 	82.39 	81.09 	78.12 	71.69 	66.67 	63.05 	57.27 	49.95 
PC_HH,IE0	93.66 	97.50 b	91.82 	90.59 	89.11 	88.37 	86.91 	84.86 	82.17 	82.39 	81.09 	78.12 	71.69 	66.67 	63.05 	: 	: 
PC_HH,IE01	: 	: 	: 	: 	: 	83.57 	83.41 	81.75 	77.18 	78.59 	77.18 	73.42 	64.83 	59.93 	53.92 	: 	: 
PC_HH,IE02	: 	: 	: 	: 	: 	90.10 	88.16 	85.98 	83.99 	83.81 	82.57 	79.89 	74.28 	69.22 	66.39 	: 	: 
PC_HH,IE04	91.68 	98.62 b	94.12 	85.80 	81.95 	: 	: 	: 	: 	: 	: 	: 	: 	: 	: 	: 	: 
PC_HH,IE05	91.25 	97.35 b	89.49 	90.10 	88.19 	: 	: 	: 	: 	: 	: 	: 	: 	: 	: 	: 	: 
PC_HH,IE06	95.74 	97.18 b	92.58 	92.79 	92.78 	: 	: 	: 	: 	: 	: 	: 	: 	: 	: 	: 	: 
PC_HH,IS	: 	98.36 	98.48 	97.70 	99.18 	97.86 	: 	: 	96.48 	96.41 	94.60 	92.59 	92.04 	89.59 	87.73 	83.70 	83.02 
PC_HH,IS0	: 	98.36 	98.48 	97.70 	99.18 	97.86 	: 	: 	96.48 	96.41 	94.60 	92.59 	92.04 	89.59 	: 	: 	: 
PC_HH,IS00	: 	98.36 	98.48 	97.70 	99.18 	97.86 	: 	: 	: 	: 	: 	: 	: 	89.59 	: 	: 	: 
PC_HH,IT	91.45 	90.49 	88.10 	85.17 	84.34 	81.02 	78.51 	75.39 	72.61 	68.91 	62.92 	61.57 	58.97 	53.48 	46.93 	43.38 	40.01 
PC_HH,ITC	93.56 	92.20 	89.57 	87.04 	87.04 	83.72 	82.02 	77.39 	74.73 	69.95 	65.95 	64.36 	61.04 	54.71 	49.94 	46.87 	42.95 
PC_HH,ITC1	92.09 	90.90 	88.39 	84.64 	85.66 	82.12 	79.58 	75.48 	72.53 	66.55 	61.38 	61.65 	56.87 	52.11 	45.40 	42.28 	37.53 
PC_HH,ITC2	88.87 	94.08 	87.49 	86.26 	82.03 	76.16 	77.35 	77.01 	69.54 	68.27 	66.58 	63.75 	55.29 	53.51 	48.43 	41.49 	38.03 
PC_HH,ITC3	93.69 	92.20 	89.60 	85.90 	86.24 	84.04 	78.62 	76.26 	70.35 	66.24 	64.34 	57.70 	57.26 	48.61 	41.15 	38.53 	36.67 
PC_HH,ITC4	94.26 	92.75 	90.10 	88.29 	87.84 	84.48 	83.75 	78.45 	76.58 	72.14 	68.25 	66.69 	63.77 	57.08 	53.64 	50.68 	46.79 
PC_HH,ITF	87.93 	86.95 	82.87 	79.55 	78.18 	76.80 	72.13 	69.92 	66.75 	62.54 	56.17 	55.01 	53.44 	47.77 	40.09 	36.46 	33.31 
PC_HH,ITF1	89.37 	89.41 	86.67 	85.13 	82.80 	81.88 	79.42 	74.54 	72.52 	69.42 	59.38 	61.60 	62.09 	55.54 	45.76 	45.85 	38.58 
PC_HH,ITF2	91.13 	86.45 	81.25 	79.80 	75.24 	78.27 	74.00 	71.69 	67.57 	60.64 	57.53 	57.13 	50.49 	53.24 	49.32 	44.91 	39.91 
PC_HH,ITF3	89.27 	88.91 	84.94 	79.75 	78.25 	78.31 	71.86 	71.15 	66.34 	61.89 	56.22 	57.50 	53.20 	50.52 	41.47 	36.60 	32.28 
PC_HH,ITF4	87.84 	84.39 	81.82 	78.51 	78.44 	76.19 	71.69 	68.22 	67.85 	62.13 	56.67 	50.06 	51.07 	42.95 	35.85 	32.71 	32.29 
PC_HH,ITF5	86.43 	86.85 	80.79 	79.90 	78.60 	74.96 	71.97 	68.96 	63.72 	66.96 	51.11 	52.00 	53.07 	45.78 	45.20 	39.32 	41.05 
PC_HH,ITF6	83.22 	84.86 	77.38 	76.99 	74.74 	70.86 	68.63 	66.77 	62.58 	59.52 	54.07 	53.77 	53.42 	44.24 	37.89 	35.12 	31.30 
PC_HH,ITG	88.81 	86.58 	81.64 	79.94 	78.71 	76.36 	72.70 	69.17 	67.12 	61.87 	57.44 	55.00 	53.25 	47.93 	38.37 	35.78 	32.70 
PC_HH,ITG1	88.55 	84.79 	79.87 	77.97 	75.78 	75.19 	69.92 	67.16 	63.79 	58.89 	55.25 	52.38 	49.83 	45.52 	35.19 	32.28 	29.98 
PC_HH,ITG2	89.51 	91.56 	86.45 	85.40 	86.80 	79.64 	80.46 	74.79 	76.20 	70.28 	63.65 	62.44 	63.37 	54.79 	47.46 	46.15 	40.97 
PC_HH,ITH	92.99 	92.51 	92.01 	89.51 	87.90 	82.90 	81.50 	79.41 	77.12 	74.41 	65.94 	64.02 	61.12 	56.73 	50.97 	46.55 	42.99 
PC_HH,ITH1	92.98 	90.57 	92.24 	88.07 	87.40 	82.32 	79.17 	81.04 	79.61 	75.72 	70.29 	67.09 	59.82 	58.79 	55.34 	48.84 	42.43 
PC_HH,ITH2	97.16 	93.22 	93.42 	92.16 	88.94 	83.08 	81.66 	81.04 	77.00 	71.43 	68.24 	67.35 	62.87 	54.60 	49.03 	51.89 	44.04 
PC_HH,ITH3	93.19 	91.53 	91.45 	88.89 	86.77 	82.08 	81.57 	78.84 	75.04 	74.72 	64.70 	63.44 	61.09 	56.62 	48.39 	47.60 	43.05 
PC_HH,ITH4	92.66 	91.98 	93.23 	88.33 	84.76 	81.90 	80.72 	79.95 	77.77 	71.61 	65.04 	63.15 	62.00 	55.92 	52.31 	43.78 	41.31 
PC_HH,ITH5	92.37 	93.83 	92.07 	90.32 	89.87 	84.08 	81.91 	79.45 	78.88 	75.08 	66.75 	: 	: 	: 	: 	: 	: 
PC_HH,ITI	92.24 	92.10 	91.47 	87.31 	86.76 	82.45 	80.85 	78.00 	74.47 	72.70 	65.76 	65.74 	62.92 	57.57 	50.51 	46.98 	44.27 
PC_HH,ITI1	93.42 	91.96 	91.80 	86.52 	87.11 	82.54 	81.63 	76.03 	75.56 	72.65 	63.85 	66.30 	61.62 	56.55 	46.61 	47.17 	45.13 
PC_HH,ITI2	91.94 	91.23 	87.04 	86.26 	84.55 	80.05 	79.40 	78.42 	71.96 	73.06 	63.17 	61.38 	59.91 	55.44 	50.18 	45.89 	42.71 
PC_HH,ITI3	92.83 	89.06 	90.64 	87.02 	88.23 	84.98 	79.57 	79.21 	74.51 	73.32 	66.94 	: 	: 	: 	: 	: 	: 
PC_HH,ITI4	91.40 	93.06 	92.09 	88.01 	86.51 	82.14 	80.89 	78.86 	74.14 	72.52 	67.06 	65.84 	64.91 	58.08 	53.67 	47.20 	44.21 
PC_HH,LT	87.71 	86.55 	82.13 	81.52 	78.38 	74.97 	71.75 	68.26 	65.97 	64.73 	60.12 	60.14 	60.58 	60.00 	50.94 	44.36 	34.51 
PC_HH,LT0	87.71 	86.55 	82.13 	81.52 	78.38 	74.97 	71.75 	68.26 	65.97 	64.73 	60.12 	60.14 	60.58 	60.00 	: 	: 	: 
PC_HH,LT00	: 	: 	: 	: 	: 	74.97 	71.75 	68.26 	65.97 	64.73 	60.12 	60.14 	60.58 	60.00 	: 	: 	: 
PC_HH,LT01	89.49 	88.03 	86.59 	83.39 	81.75 	: 	: 	: 	: 	: 	: 	: 	: 	: 	: 	: 	: 
PC_HH,LT02	86.96 	85.94 	80.34 	80.77 	77.06 	: 	: 	: 	: 	: 	: 	: 	: 	: 	: 	: 	: 
PC_HH,LU	97.64 	99.18 	93.57 	95.20 	92.99 b	97.23 	97.04 	96.78 	95.56 	94.46 	93.08 	90.62 	90.28 	87.20 	80.09 	74.55 	70.18 
PC_HH,LU0	97.64 	99.18 	93.57 	95.20 	92.99 b	97.23 	97.04 	96.78 	95.56 	94.46 	93.08 	90.62 	90.28 	87.20 	80.09 	: 	: 
PC_HH,LU00	97.64 	99.18 	93.57 	95.20 	92.99 b	97.23 	97.04 	96.78 	95.56 	94.46 	93.08 	90.62 	90.28 	87.20 	80.09 	: 	: 
PC_HH,LV	91.39 	91.15 	89.73 	85.45 	81.58 	78.61 	77.34 b	76.00 	73.38 	71.60 	68.68 	63.64 	59.77 	58.02 	52.81 	50.53 	42.20 
PC_HH,LV0	91.39 	91.15 	89.73 	85.45 	81.58 	78.61 	77.34 b	76.00 	73.38 	71.60 	68.68 	63.64 	59.77 	58.02 	: 	: 	: 
PC_HH,LV00	91.39 	91.15 	89.73 	85.45 	81.58 	78.61 	77.34 b	76.00 	73.38 	71.60 	68.68 	63.64 	59.77 	: 	: 	: 	: 
PC_HH,ME	80.96 	80.76 	80.26 	74.25 	72.18 	70.57 	: 	: 	: 	: 	54.99 	: 	: 	: 	: 	: 	: 
PC_HH,MK	: 	83.74 	79.39 	81.62 	79.32 	73.58 	75.29 	69.38 	68.34 	65.08 	58.30 	: 	46.10 	41.79 	29.36 	: 	13.90 
PC_HH,MK0	: 	83.74 	79.39 	81.62 	79.32 	73.58 	75.29 	69.38 	68.34 	65.08 	58.30 	: 	46.10 	41.79 	: 	: 	: 
PC_HH,MK00	: 	: 	79.39 	81.62 	79.32 	73.58 	75.29 	69.38 	68.34 	65.08 	58.30 	: 	46.10 	41.79 	: 	: 	: 
PC_HH,MT	93.39 	90.54 	90.36 	86.08 	84.14 	84.77 	81.41 	81.00 	80.32 	78.04 	76.70 	75.29 	70.45 	64.45 	59.00 	53.92 	52.78 
PC_HH,MT0	93.39 	90.54 	90.36 	86.08 	84.14 	84.77 	81.41 	81.00 	80.32 	78.04 	76.70 	75.29 	70.45 	64.45 	: 	: 	: 
PC_HH,MT00	93.39 	90.54 	90.36 	86.08 	84.14 	84.77 	81.41 	81.00 	80.32 	78.04 	76.70 	75.29 	70.45 	64.45 	: 	: 	: 
PC_HH,NL	98.28 	98.56 	96.95 	98.41 	98.00 	98.23 	96.66 	95.97 	95.78 	94.63 	93.55 	93.64 	90.89 	89.70 	86.08 	82.89 	80.26 
PC_HH,NL1	98.18 	97.68 	96.65 	96.30 	97.36 	98.87 	96.71 	94.92 	95.38 	93.16 	94.25 	94.67 	87.58 	88.06 	84.39 	82.23 	76.39 
PC_HH,NL11	98.62 	98.58 	96.04 	95.56 	99.06 	100.00 	98.54 	96.79 	94.28 	94.52 	93.23 	93.87 	88.26 	81.93 	89.39 	84.24 	81.38 
PC_HH,NL12	96.42 	96.91 	96.40 	97.17 	95.78 	97.65 	95.35 	93.58 	97.01 	90.68 	93.94 	93.75 	84.28 	89.00 	84.53 	80.96 	72.76 
PC_HH,NL13	100.00 	97.51 	97.85 	96.16 	96.89 	99.09 	95.98 	94.29 	94.81 	94.50 	96.17 	97.06 	91.33 	94.58 	78.73 	81.52 	75.14 
PC_HH,NL2	98.10 	98.87 	97.48 	98.39 	98.08 	96.58 	97.37 	96.94 	96.78 	94.92 	94.41 	95.00 	90.86 	90.62 	87.12 	82.98 	82.19 
PC_HH,NL21	99.16 	99.39 	97.48 	96.68 	98.33 	95.99 	96.96 	98.51 	97.36 	95.16 	94.54 	97.70 	95.29 	91.11 	87.90 	82.19 	82.49 
PC_HH,NL22	98.18 	98.73 	97.22 	99.18 	99.08 	96.23 	97.12 	96.19 	97.52 	94.43 	93.74 	92.88 	87.27 	89.38 	86.59 	82.97 	80.77 
PC_HH,NL23	94.89 	98.23 	98.74 	99.22 	93.01 	100.00 	100.00 	96.32 	91.02 	96.79 	97.60 	98.21 	96.22 	95.34 	87.86 	85.29 	90.52 
PC_HH,NL3	98.52 	98.67 	96.91 	98.66 	98.13 	98.66 	96.55 	95.78 	95.54 	95.08 	93.14 	93.10 	92.21 	90.56 	87.69 	84.31 	81.51 
PC_HH,NL31	99.16 	99.48 	96.93 	98.29 	96.52 	98.01 	97.28 	96.86 	96.68 	98.30 	91.49 	90.96 	92.54 	94.07 	88.64 	88.19 	88.12 
PC_HH,NL32	98.93 	98.50 	97.88 	99.05 	98.48 	99.05 	96.26 	95.89 	95.20 	96.60 	94.53 	94.65 	93.91 	91.50 	89.66 	84.54 	81.30 
PC_HH,NL33	98.04 	98.39 	96.36 	98.46 	98.51 	98.69 	96.84 	95.54 	95.10 	93.14 	92.38 	93.07 	91.04 	89.10 	86.80 	83.09 	80.64 
PC_HH,NL34	97.79 	100.00 	94.62 	98.74 	97.11 	97.33 	93.23 	93.51 	99.01 	91.52 	95.50 	88.34 	88.77 	85.88 	77.21 	82.44 	71.20 
PC_HH,NL4	97.90 	98.38 	96.67 	98.82 	97.92 	98.56 	96.15 	95.96 	95.57 	94.02 	93.34 	93.09 	89.55 	87.66 	82.27 	79.90 	77.49 
PC_HH,NL41	98.26 	98.50 	96.93 	98.66 	98.39 	98.18 	96.67 	95.67 	95.41 	93.01 	93.56 	92.25 	90.50 	88.37 	83.41 	82.91 	78.57 
PC_HH,NL42	97.11 	98.12 	96.07 	99.19 	96.87 	99.35 	94.99 	96.60 	95.89 	96.29 	92.87 	94.79 	87.61 	86.10 	79.88 	73.54 	75.19 
PC_HH,NO	99.01 	98.93 	96.20 	98.38 	96.01 	96.65 	97.05 	96.60 	93.07 	94.29 	92.69 	92.24 	89.79 	85.56 	83.97 	77.59 	68.79 
PC_HH,NO0	99.01 	98.93 	96.20 	98.38 	96.01 	96.65 	97.05 	96.60 	93.07 	94.29 	92.69 	92.24 	89.79 	85.56 	: 	: 	: 
PC_HH,NO01	: 	: 	99.13 	99.38 	96.06 	97.75 	96.64 	96.61 	98.29 	96.19 	94.48 	93.15 	91.91 	91.91 	87.20 	80.44 	67.50 
PC_HH,NO02	100.00 	100.00 	81.63 	100.00 	99.38 	97.06 	93.71 	99.21 	85.42 	95.28 	87.42 	87.48 	87.98 	78.58 	84.36 	60.94 	69.41 
PC_HH,NO03	: 	: 	94.93 	98.65 	94.75 	98.06 	97.31 	98.04 	93.04 	92.99 	92.18 	90.34 	89.04 	85.02 	81.08 	73.69 	65.90 
PC_HH,NO04	: 	: 	95.51 	100.00 	100.00 	97.32 	98.76 	93.10 	89.12 	89.50 	95.33 	88.95 	86.51 	86.18 	77.73 	85.91 	69.52 
PC_HH,NO05	: 	: 	96.22 	96.89 	95.98 	96.15 	100.00 	98.22 	94.85 	95.09 	92.19 	93.99 	94.62 	77.21 	86.89 	82.91 	70.65 
PC_HH,NO06	96.90 	100.00 	100.00 	94.82 	94.26 	88.81 	100.00 	90.63 	85.65 	98.32 	90.88 	95.80 	86.29 	90.87 	85.32 	72.49 	74.97 
PC_HH,NO07	98.57 	99.73 	100.00 	98.44 	90.90 	98.61 	91.79 	99.19 	95.50 	92.72 	92.84 	94.44 	87.28 	85.52 	83.43 	75.87 	66.70 
PC_HH,PL	93.33 	92.42 	90.38 	86.75 	84.19 	81.88 	80.45 	75.78 	74.76 	71.90 	70.49 	66.64 	63.44 	58.59 	47.60 	40.98 	35.94 
PC_HH,PL1	: 	: 	: 	: 	: 	83.69 	82.41 	76.44 	75.83 	72.77 	72.80 	67.55 	65.26 	57.45 	47.15 	41.43 	: 
PC_HH,PL2	93.57 	92.99 	90.50 	87.77 	83.28 	81.35 	80.03 	74.26 	72.78 	72.35 	71.67 	66.36 	61.68 	59.57 	49.16 	40.86 	: 
PC_HH,PL3	: 	: 	: 	: 	: 	79.21 	77.91 	77.25 	74.35 	71.70 	70.70 	63.76 	58.02 	54.78 	44.28 	36.80 	: 
PC_HH,PL4	92.30 	92.82 	90.64 	86.76 	85.60 	81.83 	80.88 	78.30 	74.20 	72.43 	70.24 	68.81 	66.57 	63.04 	50.09 	42.08 	: 
PC_HH,PL5	93.33 	93.42 	90.63 	88.32 	81.69 	80.64 	81.08 	75.03 	74.94 	66.79 	65.77 	68.58 	64.93 	58.98 	48.51 	41.36 	: 
PC_HH,PL6	94.29 	92.04 	90.72 	86.68 	85.74 	83.71 	80.04 	73.51 	76.74 	73.23 	68.57 	65.25 	64.95 	58.92 	47.04 	43.59 	: 
PC_HH,PL7	90.72 	88.18 	88.94 	85.39 	81.50 	: 	: 	: 	: 	: 	: 	: 	: 	: 	: 	: 	: 
PC_HH,PL8	92.18 	90.91 	87.80 	84.46 	81.59 	: 	: 	: 	: 	: 	: 	: 	: 	: 	: 	: 	: 
PC_HH,PL9	95.87 	95.25 	92.46 	87.41 	87.74 	: 	: 	: 	: 	: 	: 	: 	: 	: 	: 	: 	: 
PC_HH,PT	88.15 	87.34 	84.49 	80.94 	79.43 	76.94 	74.05 	70.23 	64.87 	62.34 	61.02 	57.97 	53.73 	47.89 	46.04 	39.61 	35.15 
PC_HH,PT1	87.96 	87.18 	84.33 	80.70 	79.19 	76.67 	73.80 	70.01 	64.70 	62.21 	60.97 	58.01 	53.72 	47.88 	46.18 	: 	: 
PC_HH,PT11	85.29 	85.02 	81.79 	77.92 	76.67 	74.37 	71.53 	66.88 	63.18 	59.51 	57.95 	55.06 	51.25 	47.27 	45.45 	32.66 	: 
PC_HH,PT15	89.62 	89.18 	85.75 	80.29 	76.53 	73.17 	72.81 	69.12 	65.12 	61.79 	60.71 	58.34 	55.54 	50.56 	46.33 	42.00 	: 
PC_HH,PT16	84.43 	83.64 	80.35 	76.74 	75.09 	72.44 	69.62 	65.86 	59.15 	56.07 	55.22 	52.54 	49.38 	41.40 	39.58 	41.81 	: 
PC_HH,PT17	93.88 	93.22 	90.93 	88.73 	87.65 	85.46 	82.37 	79.24 	73.08 	72.56 	71.91 	67.96 	62.09 	55.37 	54.10 	46.39 	: 
PC_HH,PT18	86.56 	82.07 	80.55 	73.87 	70.57 	66.75 	63.14 	61.24 	54.37 	51.69 	48.78 	48.80 	43.69 	38.52 	38.02 	37.08 	: 
PC_HH,PT2	93.52 	90.85 	87.81 	85.77 	86.48 	84.20 	79.87 	75.87 	70.19 	66.29 	64.07 	59.59 	54.05 	46.74 	41.06 	: 	: 
PC_HH,PT20	93.52 	90.85 	87.81 	85.77 	86.48 	84.20 	79.87 	75.87 	70.19 	66.29 	64.07 	59.59 	54.05 	46.74 	41.06 	39.89 	: 
PC_HH,PT3	90.84 	90.52 	87.97 	86.05 	82.71 	81.35 	78.82 	73.97 	67.12 	64.09 	60.54 	54.96 	54.00 	49.71 	44.68 	: 	: 
PC_HH,PT30	90.84 	90.52 	87.97 	86.05 	82.71 	81.35 	78.82 	73.97 	67.12 	64.09 	60.54 	54.96 	54.00 	49.71 	44.68 	40.86 	: 
PC_HH,RO	89.41 	88.74 	86.24 	83.61 	80.89 	76.45 	72.40 	67.71 	60.54 b	58.07 	53.77 	47.44 	42.18 	37.95 	29.60 	22.25 	14.25 
PC_HH,RO1	91.06 	90.01 	87.67 	85.18 	82.94 	76.80 	72.65 	70.06 	59.46 b	57.59 	51.95 	45.71 	41.28 	34.72 	28.19 	: 	: 
PC_HH,RO11	91.23 	90.10 	89.78 	86.58 	87.39 	80.82 	76.06 	71.96 	63.47 b	61.62 	56.77 	46.96 	42.22 	: 	30.29 	: 	: 
PC_HH,RO12	90.87 	89.91 	85.33 	83.63 	77.92 	72.34 	68.93 	67.98 	55.06 b	53.35 	46.83 	44.40 	40.29 	: 	25.97 	: 	: 
PC_HH,RO2	86.02 	86.41 	81.26 	79.45 	73.48 	70.72 	66.78 	60.47 	56.19 b	53.43 	48.69 	41.09 	37.41 	35.61 	26.51 	: 	: 
PC_HH,RO21	85.15 	87.42 	81.82 	79.97 	74.10 	69.65 	65.02 	60.77 	54.85 b	50.65 	45.28 	39.17 	36.18 	: 	23.10 	: 	: 
PC_HH,RO22	87.15 	85.09 	80.53 	78.80 	72.69 	72.06 	68.95 	60.09 	57.88 b	57.01 	52.95 	43.53 	38.95 	: 	30.81 	: 	: 
PC_HH,RO3	91.58 	89.80 	88.93 	84.84 	85.00 	78.91 	76.73 	71.21 	66.51 b	63.84 	60.55 	55.91 	49.57 	44.16 	34.85 	: 	: 
PC_HH,RO31	86.92 	86.26 	82.91 	79.63 	75.94 	71.35 	66.31 	61.99 	52.14 b	52.12 	49.62 	44.58 	36.17 	: 	23.78 	: 	: 
PC_HH,RO32	96.71 	93.78 	95.89 	90.93 	95.59 	88.03 	89.35 	82.26 	84.05 b	79.01 	74.77 	70.51 	67.17 	: 	49.74 	: 	: 
PC_HH,RO4	89.13 	89.06 	87.99 	86.02 	83.49 	80.99 	74.41 	70.53 	60.01 b	57.94 	54.76 	47.88 	40.67 	37.30 	29.00 	: 	: 
PC_HH,RO41	87.02 	86.56 	84.89 	83.96 	81.10 	76.59 	74.41 	65.49 	52.93 b	53.36 	48.89 	42.79 	34.68 	: 	27.41 	: 	: 
PC_HH,RO42	91.35 	91.68 	91.22 	88.17 	85.96 	85.56 	74.41 	76.09 	67.77 b	62.98 	61.28 	53.47 	47.38 	: 	30.79 	: 	: 
PC_HH,RS	83.24 	81.51 	80.95 	80.14 	72.91 	68.03 	: 	63.76 	: 	: 	: 	: 	: 	36.66 	: 	26.27 	: 
PC_HH,RS1	87.15 	84.82 	84.06 	85.36 	: 	: 	: 	: 	: 	: 	: 	: 	: 	: 	: 	: 	: 
PC_HH,RS11	93.04 	92.88 	94.07 	89.65 	: 	: 	: 	: 	: 	: 	: 	: 	: 	: 	: 	: 	: 
PC_HH,RS12	81.88 	77.76 	75.26 	81.57 	: 	: 	: 	: 	: 	: 	: 	: 	: 	: 	: 	: 	: 
PC_HH,RS2	78.92 	77.81 	77.41 	74.11 	: 	: 	: 	: 	: 	: 	: 	: 	: 	: 	: 	: 	: 
PC_HH,RS21	80.72 	79.19 	77.51 	75.58 	: 	: 	: 	: 	: 	: 	: 	: 	: 	: 	: 	: 	: 
PC_HH,RS22	76.62 	76.07 	77.29 	72.23 	: 	: 	: 	: 	: 	: 	: 	: 	: 	: 	: 	: 	: 
PC_HH,SE	94.33 	93.23 	93.94 	96.06 	93.42 	94.73 	93.80 b	91.03 	89.57 	92.59 	91.69 	90.64 	88.30 	85.98 	84.44 	78.55 	77.39 
PC_HH,SE1	95.16 	95.62 	95.73 	95.10 	94.51 	95.73 	95.37 b	90.97 	91.51 	93.12 	93.01 	92.52 	89.67 	87.67 	85.46 	: 	: 
PC_HH,SE11	97.65 	95.98 	96.60 	95.04 	95.25 	97.05 	97.38 b	91.22 	91.95 	94.02 	94.83 	94.34 	90.80 	89.54 	: 	: 	: 
PC_HH,SE12	92.23 	95.14 	94.59 	95.20 	93.57 	94.33 	93.04 b	90.63 	90.96 	91.80 	90.37 	90.08 	88.11 	85.29 	: 	: 	: 
PC_HH,SE2	94.99 	91.79 	94.34 	96.91 	93.87 	94.19 	93.70 b	90.77 	90.66 	92.00 	91.88 	90.41 	88.14 	85.37 	86.09 	: 	: 
PC_HH,SE21	95.67 	91.63 	94.75 	98.30 	92.84 	91.29 	86.70 b	88.40 	90.90 	90.52 	89.61 	88.94 	83.62 	83.51 	: 	: 	: 
PC_HH,SE22	95.21 	92.56 	94.68 	95.28 	94.84 	94.34 	96.78 b	92.13 	87.68 	93.27 	93.08 	91.80 	88.95 	85.47 	: 	: 	: 
PC_HH,SE23	94.55 	91.31 	93.95 	97.41 	93.67 	95.72 	94.25 b	90.87 	92.58 	91.80 	91.85 	90.09 	89.45 	86.13 	: 	: 	: 
PC_HH,SE3	90.56 	91.12 	88.57 	96.41 	90.10 	93.81 	90.41 b	91.86 	83.50 	92.92 	88.26 	87.41 	85.82 	83.95 	78.86 	: 	: 
PC_HH,SE31	95.55 	92.64 	85.56 	94.11 	91.19 	88.32 	89.08 b	88.90 	80.40 	93.18 	85.55 	86.30 	85.73 	85.11 	: 	: 	: 
PC_HH,SE32	81.49 	93.87 	94.39 	100.00 u	87.43 u	100.00 u	87.63 b	92.28 	86.45 	95.79 u	88.99 	86.64 	85.91 	82.47 	: 	: 	: 
PC_HH,SE33	89.40 	86.86 	89.71 	97.20 	90.47 	96.94 	94.45 b	97.07 	86.77 	90.68 	91.66 	90.26 	85.89 	83.13 	: 	: 	: 
PC_HH,SI	92.60 	93.04 	89.97 	88.96 	86.68 	81.74 	78.42 	77.64 	76.80 	75.62 	73.94 	72.60 	68.13 	63.94 	58.89 	57.61 	54.36 
PC_HH,SI0	92.60 	93.04 	89.97 	88.96 	86.68 	81.74 	78.42 	77.64 	76.80 	75.62 	73.94 	72.60 	68.13 	63.94 	58.89 	: 	: 
PC_HH,SI01	: 	: 	: 	: 	: 	: 	: 	: 	74.75 	: 	: 	: 	: 	: 	: 	: 	: 
PC_HH,SI02	: 	: 	: 	: 	: 	: 	: 	: 	78.96 	: 	: 	: 	: 	: 	: 	: 	: 
PC_HH,SI03	90.45 	91.08 	89.44 	86.65 	84.13 	79.67 	77.08 	73.19 	: 	: 	: 	: 	: 	: 	: 	: 	: 
PC_HH,SI04	95.03 	95.28 	90.61 	91.71 	89.88 	84.28 	80.06 	82.78 	: 	: 	: 	: 	: 	: 	: 	: 	: 
PC_HH,SK	90.65 	89.96 	85.78 	82.19 	80.84 	81.33 	80.52 	79.48 	78.35 	77.91 	75.44 	70.78 	67.48 	62.23 	58.34 	46.11 	26.58 
PC_HH,SK0	90.65 	89.96 	85.78 	82.19 	80.84 	81.33 	80.52 	79.48 	78.35 	77.91 	75.44 	70.78 	67.48 	62.23 	: 	: 	: 
PC_HH,SK01	95.74 	96.14 	90.13 	83.72 	88.94 	84.97 	85.25 	80.70 	79.90 	83.40 	83.97 	74.21 	74.67 	66.48 	62.46 	: 	33.54 
PC_HH,SK02	89.48 	89.46 	85.03 	82.49 	81.43 	78.52 	78.96 	79.24 	77.67 	76.94 	75.19 	72.76 	66.90 	66.85 	58.84 	: 	24.59 
PC_HH,SK03	89.15 	90.51 	85.94 	80.56 	78.26 	81.23 	79.11 	79.38 	77.67 	76.73 	70.85 	71.17 	64.70 	59.40 	55.70 	: 	24.07 
PC_HH,SK04	91.05 	87.04 	84.46 	82.56 	78.47 	83.25 	81.48 	79.27 	79.11 	77.78 	76.18 	66.13 	67.43 	56.71 	58.17 	: 	28.25 
PC_HH,TR	94.15 	91.98 	90.73 	88.30 	83.79 	80.74 	76.34 	69.54 	60.24 	49.08 	47.20 	: 	41.63 	30.03 	25.41 	19.71 	: 
PC_HH,TR1	98.67 	97.07 	96.36 	95.59 	90.05 	90.77 	89.11 	81.27 	75.49 	63.33 	60.51 	: 	: 	: 	: 	: 	: 
PC_HH,TR2	90.53 	86.29 	85.95 	79.66 	75.38 	70.83 	69.92 	67.39 	63.65 	58.77 	49.71 	: 	: 	: 	: 	: 	: 
PC_HH,TR3	94.37 	89.88 	90.69 	85.63 	80.92 	78.29 	69.42 	64.53 	57.45 	46.66 	45.53 	: 	: 	: 	: 	: 	: 
PC_HH,TR4	94.05 	93.73 	92.48 	88.87 	83.97 	79.69 	76.50 	71.73 	62.33 	56.79 	60.62 	: 	: 	: 	: 	: 	: 
PC_HH,TR5	98.34 	94.23 	92.82 	91.82 	84.13 	84.44 	79.69 	73.69 	58.73 	52.44 	57.50 	: 	: 	: 	: 	: 	: 
PC_HH,TR6	92.11 	91.26 	90.66 	89.35 	86.91 	81.85 	77.86 	70.37 	57.79 	44.37 	39.57 	: 	: 	: 	: 	: 	: 
PC_HH,TR7	91.56 	89.56 	87.49 	88.70 	82.77 	76.97 	72.15 	63.52 	55.33 	46.82 	41.02 	: 	: 	: 	: 	: 	: 
PC_HH,TR8	89.12 	84.54 	81.33 	80.24 	78.37 	77.21 	69.10 	55.50 	44.37 	39.93 	39.45 	: 	: 	: 	: 	: 	: 
PC_HH,TR9	90.93 	88.29 	86.86 	83.80 	80.65 	76.91 	69.40 	60.70 	62.74 	34.85 	32.55 	: 	: 	: 	: 	: 	: 
PC_HH,TRA	88.21 	86.61 	87.19 	87.63 	77.64 	72.62 	72.30 	51.62 	48.35 	44.70 	41.54 	: 	: 	: 	: 	: 	: 
PC_HH,TRB	90.45 	90.37 	89.78 	89.10 	83.39 	76.81 	71.48 	65.57 	43.55 	37.66 	35.57 	: 	: 	: 	: 	: 	: 
PC_HH,TRC	93.93 	93.85 	87.47 	81.10 	80.70 	71.51 	69.50 	66.09 	53.05 	27.47 	21.51 	: 	: 	: 	: 	: 	: 
PC_HH,UK	: 	: 	97.30 	95.85 	94.85 	93.99 	93.48 	91.25 	90.34 	88.45 	86.80 	82.70 	79.61 	76.69 	71.14 	66.72 	62.64 
PC_HH,UKC	: 	: 	95.92 	91.39 	93.37 	86.49 	93.65 	85.88 	87.59 	78.77 	73.52 	78.45 	66.24 	70.65 	62.85 	59.13 	57.62 
PC_HH,UKD	: 	: 	97.74 	94.65 	92.70 	93.57 	93.36 	88.03 	88.18 	85.89 	84.92 	81.75 	74.91 	74.12 	61.84 	61.52 	59.92 
PC_HH,UKE	: 	: 	95.43 	94.69 	94.71 	93.23 	92.85 	89.88 	89.74 	85.78 	86.59 	78.64 	74.71 	71.69 	68.03 	58.10 	56.66 
PC_HH,UKF	: 	: 	94.89 	92.87 	95.33 	91.88 	89.82 	91.28 	91.03 	89.29 	87.64 	85.88 	82.24 	74.56 	69.48 	66.00 	59.13 
PC_HH,UKG	: 	: 	97.12 	97.79 	97.34 	94.99 	91.19 	88.90 	91.53 	83.42 	82.82 	76.34 	78.29 	75.88 	66.47 	61.66 	58.45 
PC_HH,UKH	: 	: 	96.12 	97.13 	95.10 	93.87 	93.22 	94.41 	89.96 	91.39 	89.46 	83.26 	86.62 	81.91 	77.55 	73.53 	70.98 
PC_HH,UKI	: 	: 	99.00 	97.78 	95.41 	96.03 	95.56 	93.52 	93.41 	93.54 	91.72 	85.92 	87.49 	84.22 	76.59 	73.34 	68.43 
PC_HH,UKJ	: 	: 	98.94 	98.59 	96.34 	96.86 	95.82 	94.95 	92.49 	90.95 	89.49 	86.68 	85.86 	81.09 	79.71 	70.55 	71.98 
PC_HH,UKK	: 	: 	97.11 	96.02 	93.92 	94.54 	93.98 	93.19 	92.08 	92.86 	93.06 	86.26 	78.27 	76.93 	73.08 	74.11 	67.72 
PC_HH,UKL	: 	: 	97.07 	92.85 	95.96 	91.50 	91.42 	87.77 	86.81 	83.35 	79.29 	77.87 	84.28 	73.65 	70.87 	63.92 	56.55 
PC_HH,UKM	: 	: 	98.28 	94.36 	92.26 	94.20 	94.50 	89.75 	86.94 	86.93 	83.60 	83.36 	69.41 	69.78 	69.92 	66.09 	52.21 
PC_HH,UKN	: 	: 	: 	93.96 	94.22 	90.71 	91.53 	89.86 	88.16 	90.18 	: 	: 	78.20 	: u	60.41 	56.12 	54.21 
PC_HH,XK	: 	: 	96.44 	93.19 	93.20 	88.77 	: 	: 	: 	: 	: 	: 	: 	: 	: 	: 	: 
